name,barcode,selling_price,cost_price,tax_percent,stock
Coca-Cola 500ml,5449000000996,1.99,1.35,8,60
Sprite 500ml,5000112658149,1.99,1.35,8,40
Lay's Classic Potato Chips,0028400199148,4.29,2.90,8,40
Cadbury Dairy Milk 100g,7622201148782,2.49,1.60,8,30
Evian Natural Water 500ml,3068320055008,1.79,1.10,0,50
Barilla Spaghetti No. 5,8076800195057,2.49,1.55,0,44
Kellogg's Corn Flakes,5059319030517,4.99,3.50,0,26
Nutella Hazelnut Spread,3017620422003,4.99,3.60,0,22
Colgate Triple Action Toothpaste,6920354812521,3.49,2.20,8,32
Dove Beauty Cream Bar,8720182264664,1.99,1.20,8,40
